r,t,e,m,y,AnnualTechnologyEmissionByMode
RE1,PHL_POW_PP_NGCC_CCS,CO2e,1,2020,0.0
RE1,PHL_POW_PP_NGCC_CCS,CO2e,1,2021,0.0
RE1,PHL_POW_PP_NGCC_CCS,CO2e,1,2022,0.0
RE1,PHL_POW_PP_NGCC_CCS,CO2e,1,2023,0.0
RE1,PHL_POW_PP_NGCC_CCS,CO2e,1,2024,0.0
RE1,PHL_POW_PP_NGCC_CCS,CO2e,1,2025,0.0
RE1,PHL_POW_PP_NGCC_CCS,CO2e,1,2026,0.0
RE1,PHL_POW_PP_NGCC_CCS,CO2e,1,2027,0.0
RE1,PHL_POW_PP_NGCC_CCS,CO2e,1,2028,0.0
RE1,PHL_POW_PP_NGCC_CCS,CO2e,1,2029,0.0
RE1,PHL_POW_PP_NGCC_CCS,CO2e,1,2030,0.0
RE1,PHL_POW_PP_NGCC_CCS,CO2e,1,2031,0.0
RE1,PHL_POW_PP_NGCC_CCS,CO2e,1,2032,0.0
RE1,PHL_POW_PP_NGCC_CCS,CO2e,1,2033,0.0
RE1,PHL_POW_PP_NGCC_CCS,CO2e,1,2034,0.0
RE1,PHL_POW_PP_NGCC_CCS,CO2e,1,2035,0.0
RE1,PHL_POW_PP_NGCC_CCS,CO2e,1,2036,0.0
RE1,PHL_POW_PP_NGCC_CCS,CO2e,1,2037,0.0
RE1,PHL_POW_PP_NGCC_CCS,CO2e,1,2038,0.0
RE1,PHL_POW_PP_NGCC_CCS,CO2e,1,2039,0.0
RE1,PHL_POW_PP_NGCC_CCS,CO2e,1,2040,0.0
RE1,PHL_POW_PP_NGCC_CCS,CO2e,1,2041,0.0
RE1,PHL_POW_PP_NGCC_CCS,CO2e,1,2042,0.0
RE1,PHL_POW_PP_NGCC_CCS,CO2e,1,2043,0.0
RE1,PHL_POW_PP_NGCC_CCS,CO2e,1,2044,0.0
RE1,PHL_POW_PP_NGCC_CCS,CO2e,1,2045,0.0
RE1,PHL_POW_PP_NGCC_CCS,CO2e,1,2046,0.0
RE1,PHL_POW_PP_NGCC_CCS,CO2e,1,2047,0.0
RE1,PHL_POW_PP_NGCC_CCS,CO2e,1,2048,0.0
RE1,PHL_POW_PP_NGCC_CCS,CO2e,1,2049,0.0
RE1,PHL_POW_PP_NGCC_CCS,CO2e,1,2050,0.0
RE1,PHL_POW_PP_NGCC_CCS,CO2e,1,2051,0.0
RE1,PHL_POW_PP_NGCC_CCS,CO2e,1,2052,0.0
RE1,PHL_POW_PP_NGCC_CCS,CO2e,1,2053,0.0
RE1,PHL_POW_PP_COAL_CCS,CO2e,1,2020,0.0
RE1,PHL_POW_PP_COAL_CCS,CO2e,1,2021,0.0
RE1,PHL_POW_PP_COAL_CCS,CO2e,1,2022,0.0
RE1,PHL_POW_PP_COAL_CCS,CO2e,1,2023,0.0
RE1,PHL_POW_PP_COAL_CCS,CO2e,1,2024,0.0
RE1,PHL_POW_PP_COAL_CCS,CO2e,1,2025,0.0
RE1,PHL_POW_PP_COAL_CCS,CO2e,1,2026,0.0
RE1,PHL_POW_PP_COAL_CCS,CO2e,1,2027,0.0
RE1,PHL_POW_PP_COAL_CCS,CO2e,1,2028,0.0
RE1,PHL_POW_PP_COAL_CCS,CO2e,1,2029,0.0
RE1,PHL_POW_PP_COAL_CCS,CO2e,1,2030,0.0
RE1,PHL_POW_PP_COAL_CCS,CO2e,1,2031,0.0
RE1,PHL_POW_PP_COAL_CCS,CO2e,1,2032,0.0
RE1,PHL_POW_PP_COAL_CCS,CO2e,1,2033,0.0
RE1,PHL_POW_PP_COAL_CCS,CO2e,1,2034,0.0
RE1,PHL_POW_PP_COAL_CCS,CO2e,1,2035,0.0
RE1,PHL_POW_PP_COAL_CCS,CO2e,1,2036,0.0
RE1,PHL_POW_PP_COAL_CCS,CO2e,1,2037,0.0
RE1,PHL_POW_PP_COAL_CCS,CO2e,1,2038,0.0
RE1,PHL_POW_PP_COAL_CCS,CO2e,1,2039,0.0
RE1,PHL_POW_PP_COAL_CCS,CO2e,1,2040,0.0
RE1,PHL_POW_PP_COAL_CCS,CO2e,1,2041,0.0
RE1,PHL_POW_PP_COAL_CCS,CO2e,1,2042,0.0
RE1,PHL_POW_PP_COAL_CCS,CO2e,1,2043,0.0
RE1,PHL_POW_PP_COAL_CCS,CO2e,1,2044,0.0
RE1,PHL_POW_PP_COAL_CCS,CO2e,1,2045,0.0
RE1,PHL_POW_PP_COAL_CCS,CO2e,1,2046,0.0
RE1,PHL_POW_PP_COAL_CCS,CO2e,1,2047,0.0
RE1,PHL_POW_PP_COAL_CCS,CO2e,1,2048,0.0
RE1,PHL_POW_PP_COAL_CCS,CO2e,1,2049,0.0
RE1,PHL_POW_PP_COAL_CCS,CO2e,1,2050,0.0
RE1,PHL_POW_PP_COAL_CCS,CO2e,1,2051,0.0
RE1,PHL_POW_PP_COAL_CCS,CO2e,1,2052,0.0
RE1,PHL_POW_PP_COAL_CCS,CO2e,1,2053,0.0
RE1,PHL_PRO_PROC_NG,CO2e,1,2020,7.3094
RE1,PHL_PRO_PROC_NG,CO2e,1,2021,8.0315
RE1,PHL_PRO_PROC_NG,CO2e,1,2022,8.0246
RE1,PHL_PRO_PROC_NG,CO2e,1,2023,7.3979
RE1,PHL_PRO_PROC_NG,CO2e,1,2024,8.4052
RE1,PHL_PRO_PROC_NG,CO2e,1,2025,2.1297
RE1,PHL_PRO_PROC_NG,CO2e,1,2026,2.5266
RE1,PHL_PRO_PROC_NG,CO2e,1,2027,2.4565
RE1,PHL_PRO_PROC_NG,CO2e,1,2028,2.282
RE1,PHL_PRO_PROC_NG,CO2e,1,2029,2.8785
RE1,PHL_PRO_PROC_NG,CO2e,1,2030,2.9381
RE1,PHL_PRO_PROC_NG,CO2e,1,2031,3.0524
RE1,PHL_PRO_PROC_NG,CO2e,1,2032,4.4241
RE1,PHL_PRO_PROC_NG,CO2e,1,2033,7.1202
RE1,PHL_PRO_PROC_NG,CO2e,1,2034,7.8858
RE1,PHL_PRO_PROC_NG,CO2e,1,2035,8.673
RE1,PHL_PRO_PROC_NG,CO2e,1,2036,11.5906
RE1,PHL_PRO_PROC_NG,CO2e,1,2037,11.5469
RE1,PHL_PRO_PROC_NG,CO2e,1,2038,11.0377
RE1,PHL_PRO_PROC_NG,CO2e,1,2039,12.5874
RE1,PHL_PRO_PROC_NG,CO2e,1,2040,14.4619
RE1,PHL_PRO_PROC_NG,CO2e,1,2041,15.4284
RE1,PHL_PRO_PROC_NG,CO2e,1,2042,16.4437
RE1,PHL_PRO_PROC_NG,CO2e,1,2043,17.8357
RE1,PHL_PRO_PROC_NG,CO2e,1,2044,18.84
RE1,PHL_PRO_PROC_NG,CO2e,1,2045,19.5556
RE1,PHL_PRO_PROC_NG,CO2e,1,2046,20.2142
RE1,PHL_PRO_PROC_NG,CO2e,1,2047,20.5605
RE1,PHL_PRO_PROC_NG,CO2e,1,2048,20.8588
RE1,PHL_PRO_PROC_NG,CO2e,1,2049,21.2001
RE1,PHL_PRO_PROC_NG,CO2e,1,2050,22.2226
RE1,PHL_PRO_PROC_NG,CO2e,1,2051,22.6661
RE1,PHL_PRO_PROC_NG,CO2e,1,2052,23.5899
RE1,PHL_PRO_PROC_NG,CO2e,1,2053,28.3557
RE1,PHL_POW_BH2_NG,CO2e,1,2020,0.0
RE1,PHL_POW_BH2_NG,CO2e,1,2021,0.0
RE1,PHL_POW_BH2_NG,CO2e,1,2022,0.0
RE1,PHL_POW_BH2_NG,CO2e,1,2023,0.0
RE1,PHL_POW_BH2_NG,CO2e,1,2024,0.0
RE1,PHL_POW_BH2_NG,CO2e,1,2025,0.0
RE1,PHL_POW_BH2_NG,CO2e,1,2026,0.0
RE1,PHL_POW_BH2_NG,CO2e,1,2027,0.0
RE1,PHL_POW_BH2_NG,CO2e,1,2028,0.0
RE1,PHL_POW_BH2_NG,CO2e,1,2029,0.0
RE1,PHL_POW_BH2_NG,CO2e,1,2030,0.0
RE1,PHL_POW_BH2_NG,CO2e,1,2031,0.0
RE1,PHL_POW_BH2_NG,CO2e,1,2032,0.0
RE1,PHL_POW_BH2_NG,CO2e,1,2033,0.0
RE1,PHL_POW_BH2_NG,CO2e,1,2034,0.0
RE1,PHL_POW_BH2_NG,CO2e,1,2035,0.0
RE1,PHL_POW_BH2_NG,CO2e,1,2036,0.0
RE1,PHL_POW_BH2_NG,CO2e,1,2037,0.0
RE1,PHL_POW_BH2_NG,CO2e,1,2038,0.0
RE1,PHL_POW_BH2_NG,CO2e,1,2039,0.0
RE1,PHL_POW_BH2_NG,CO2e,1,2040,0.0
RE1,PHL_POW_BH2_NG,CO2e,1,2041,0.0
RE1,PHL_POW_BH2_NG,CO2e,1,2042,-0.0
RE1,PHL_POW_BH2_NG,CO2e,1,2043,-0.0
RE1,PHL_POW_BH2_NG,CO2e,1,2044,0.0
RE1,PHL_POW_BH2_NG,CO2e,1,2045,-0.0
RE1,PHL_POW_BH2_NG,CO2e,1,2046,-0.0
RE1,PHL_POW_BH2_NG,CO2e,1,2047,0.0
RE1,PHL_POW_BH2_NG,CO2e,1,2048,0.0
RE1,PHL_POW_BH2_NG,CO2e,1,2049,-0.0
RE1,PHL_POW_BH2_NG,CO2e,1,2050,-0.0
RE1,PHL_POW_BH2_NG,CO2e,1,2051,0.0
RE1,PHL_POW_BH2_NG,CO2e,1,2052,-0.0
RE1,PHL_POW_BH2_NG,CO2e,1,2053,0.0
RE1,PHL_POW_DAC,CO2e,1,2020,0.0
RE1,PHL_POW_DAC,CO2e,1,2021,0.0
RE1,PHL_POW_DAC,CO2e,1,2022,-0.0
RE1,PHL_POW_DAC,CO2e,1,2023,0.0
RE1,PHL_POW_DAC,CO2e,1,2024,0.0
RE1,PHL_POW_DAC,CO2e,1,2025,0.0
RE1,PHL_POW_DAC,CO2e,1,2026,0.0
RE1,PHL_POW_DAC,CO2e,1,2027,0.0
RE1,PHL_POW_DAC,CO2e,1,2028,0.0
RE1,PHL_POW_DAC,CO2e,1,2029,0.0
RE1,PHL_POW_DAC,CO2e,1,2030,0.0
RE1,PHL_POW_DAC,CO2e,1,2031,0.0
RE1,PHL_POW_DAC,CO2e,1,2032,0.0
RE1,PHL_POW_DAC,CO2e,1,2033,0.0
RE1,PHL_POW_DAC,CO2e,1,2034,0.0
RE1,PHL_POW_DAC,CO2e,1,2035,0.0
RE1,PHL_POW_DAC,CO2e,1,2036,0.0
RE1,PHL_POW_DAC,CO2e,1,2037,0.0
RE1,PHL_POW_DAC,CO2e,1,2038,0.0
RE1,PHL_POW_DAC,CO2e,1,2039,0.0
RE1,PHL_POW_DAC,CO2e,1,2040,0.0
RE1,PHL_POW_DAC,CO2e,1,2041,0.0
RE1,PHL_POW_DAC,CO2e,1,2042,0.0
RE1,PHL_POW_DAC,CO2e,1,2043,0.0
RE1,PHL_POW_DAC,CO2e,1,2044,0.0
RE1,PHL_POW_DAC,CO2e,1,2045,0.0
RE1,PHL_POW_DAC,CO2e,1,2046,0.0
RE1,PHL_POW_DAC,CO2e,1,2047,0.0
RE1,PHL_POW_DAC,CO2e,1,2048,0.0
RE1,PHL_POW_DAC,CO2e,1,2049,0.0
RE1,PHL_POW_DAC,CO2e,1,2050,0.0
RE1,PHL_POW_DAC,CO2e,1,2051,0.0
RE1,PHL_POW_DAC,CO2e,1,2052,0.0
RE1,PHL_POW_DAC,CO2e,1,2053,0.0
RE1,PHL_POW_PP_BIOM_CCS,CO2e,1,2020,0.0
RE1,PHL_POW_PP_BIOM_CCS,CO2e,1,2021,0.0
RE1,PHL_POW_PP_BIOM_CCS,CO2e,1,2022,0.0
RE1,PHL_POW_PP_BIOM_CCS,CO2e,1,2023,0.0
RE1,PHL_POW_PP_BIOM_CCS,CO2e,1,2024,0.0
RE1,PHL_POW_PP_BIOM_CCS,CO2e,1,2025,0.0
RE1,PHL_POW_PP_BIOM_CCS,CO2e,1,2026,0.0
RE1,PHL_POW_PP_BIOM_CCS,CO2e,1,2027,0.0
RE1,PHL_POW_PP_BIOM_CCS,CO2e,1,2028,0.0
RE1,PHL_POW_PP_BIOM_CCS,CO2e,1,2029,0.0
RE1,PHL_POW_PP_BIOM_CCS,CO2e,1,2030,0.0
RE1,PHL_POW_PP_BIOM_CCS,CO2e,1,2031,0.0
RE1,PHL_POW_PP_BIOM_CCS,CO2e,1,2032,0.0
RE1,PHL_POW_PP_BIOM_CCS,CO2e,1,2033,0.0
RE1,PHL_POW_PP_BIOM_CCS,CO2e,1,2034,0.0
RE1,PHL_POW_PP_BIOM_CCS,CO2e,1,2035,0.0
RE1,PHL_POW_PP_BIOM_CCS,CO2e,1,2036,0.0
RE1,PHL_POW_PP_BIOM_CCS,CO2e,1,2037,0.0
RE1,PHL_POW_PP_BIOM_CCS,CO2e,1,2038,0.0
RE1,PHL_POW_PP_BIOM_CCS,CO2e,1,2039,0.0
RE1,PHL_POW_PP_BIOM_CCS,CO2e,1,2040,0.0
RE1,PHL_POW_PP_BIOM_CCS,CO2e,1,2041,0.0
RE1,PHL_POW_PP_BIOM_CCS,CO2e,1,2042,0.0
RE1,PHL_POW_PP_BIOM_CCS,CO2e,1,2043,0.0
RE1,PHL_POW_PP_BIOM_CCS,CO2e,1,2044,0.0
RE1,PHL_POW_PP_BIOM_CCS,CO2e,1,2045,0.0
RE1,PHL_POW_PP_BIOM_CCS,CO2e,1,2046,0.0
RE1,PHL_POW_PP_BIOM_CCS,CO2e,1,2047,0.0
RE1,PHL_POW_PP_BIOM_CCS,CO2e,1,2048,0.0
RE1,PHL_POW_PP_BIOM_CCS,CO2e,1,2049,0.0
RE1,PHL_POW_PP_BIOM_CCS,CO2e,1,2050,0.0
RE1,PHL_POW_PP_BIOM_CCS,CO2e,1,2051,0.0
RE1,PHL_POW_PP_BIOM_CCS,CO2e,1,2052,0.0
RE1,PHL_POW_PP_BIOM_CCS,CO2e,1,2053,0.0
RE1,PHL_PRO_PROC_OIL,CO2e,1,2020,19.3807
RE1,PHL_PRO_PROC_OIL,CO2e,1,2021,12.8444
RE1,PHL_PRO_PROC_OIL,CO2e,1,2022,11.9772
RE1,PHL_PRO_PROC_OIL,CO2e,1,2023,11.0094
RE1,PHL_PRO_PROC_OIL,CO2e,1,2024,10.1296
RE1,PHL_PRO_PROC_OIL,CO2e,1,2025,9.1744
RE1,PHL_PRO_PROC_OIL,CO2e,1,2026,8.2572
RE1,PHL_PRO_PROC_OIL,CO2e,1,2027,8.0511
RE1,PHL_PRO_PROC_OIL,CO2e,1,2028,7.9874
RE1,PHL_PRO_PROC_OIL,CO2e,1,2029,7.2985
RE1,PHL_PRO_PROC_OIL,CO2e,1,2030,7.1005
RE1,PHL_PRO_PROC_OIL,CO2e,1,2031,7.0513
RE1,PHL_PRO_PROC_OIL,CO2e,1,2032,5.3258
RE1,PHL_PRO_PROC_OIL,CO2e,1,2033,1.835
RE1,PHL_PRO_PROC_OIL,CO2e,1,2034,0.9171
RE1,PHL_PRO_PROC_OIL,CO2e,1,2035,0.0
RE1,PHL_PRO_PROC_OIL,CO2e,1,2036,0.0
RE1,PHL_PRO_PROC_OIL,CO2e,1,2037,0.0
RE1,PHL_PRO_PROC_OIL,CO2e,1,2038,0.0
RE1,PHL_PRO_PROC_OIL,CO2e,1,2039,0.0
RE1,PHL_PRO_PROC_OIL,CO2e,1,2040,0.0
RE1,PHL_PRO_PROC_OIL,CO2e,1,2041,0.0
RE1,PHL_PRO_PROC_OIL,CO2e,1,2042,0.0
RE1,PHL_PRO_PROC_OIL,CO2e,1,2043,0.0
RE1,PHL_PRO_PROC_OIL,CO2e,1,2044,0.0
RE1,PHL_PRO_PROC_OIL,CO2e,1,2045,0.0
RE1,PHL_PRO_PROC_OIL,CO2e,1,2046,0.0
RE1,PHL_PRO_PROC_OIL,CO2e,1,2047,0.0
RE1,PHL_PRO_PROC_OIL,CO2e,1,2048,0.0
RE1,PHL_PRO_PROC_OIL,CO2e,1,2049,0.0
RE1,PHL_PRO_PROC_OIL,CO2e,1,2050,-0.0
RE1,PHL_PRO_PROC_OIL,CO2e,1,2051,-0.0
RE1,PHL_PRO_PROC_OIL,CO2e,1,2052,0.0
RE1,PHL_PRO_PROC_OIL,CO2e,1,2053,0.0
RE1,PHL_PRO_PROC_COAL,CO2e,1,2020,70.5467
RE1,PHL_PRO_PROC_COAL,CO2e,1,2021,110.0799
RE1,PHL_PRO_PROC_COAL,CO2e,1,2022,118.0273
RE1,PHL_PRO_PROC_COAL,CO2e,1,2023,126.249
RE1,PHL_PRO_PROC_COAL,CO2e,1,2024,133.6535
RE1,PHL_PRO_PROC_COAL,CO2e,1,2025,141.6708
RE1,PHL_PRO_PROC_COAL,CO2e,1,2026,140.1513
RE1,PHL_PRO_PROC_COAL,CO2e,1,2027,145.8409
RE1,PHL_PRO_PROC_COAL,CO2e,1,2028,151.4712
RE1,PHL_PRO_PROC_COAL,CO2e,1,2029,156.888
RE1,PHL_PRO_PROC_COAL,CO2e,1,2030,150.7372
RE1,PHL_PRO_PROC_COAL,CO2e,1,2031,160.7468
RE1,PHL_PRO_PROC_COAL,CO2e,1,2032,170.4105
RE1,PHL_PRO_PROC_COAL,CO2e,1,2033,181.073
RE1,PHL_PRO_PROC_COAL,CO2e,1,2034,175.5778
RE1,PHL_PRO_PROC_COAL,CO2e,1,2035,168.3504
RE1,PHL_PRO_PROC_COAL,CO2e,1,2036,158.6633
RE1,PHL_PRO_PROC_COAL,CO2e,1,2037,150.888
RE1,PHL_PRO_PROC_COAL,CO2e,1,2038,140.8871
RE1,PHL_PRO_PROC_COAL,CO2e,1,2039,134.7674
RE1,PHL_PRO_PROC_COAL,CO2e,1,2040,130.1214
RE1,PHL_PRO_PROC_COAL,CO2e,1,2041,131.69
RE1,PHL_PRO_PROC_COAL,CO2e,1,2042,133.3073
RE1,PHL_PRO_PROC_COAL,CO2e,1,2043,135.2845
RE1,PHL_PRO_PROC_COAL,CO2e,1,2044,136.8941
RE1,PHL_PRO_PROC_COAL,CO2e,1,2045,137.9203
RE1,PHL_PRO_PROC_COAL,CO2e,1,2046,134.6741
RE1,PHL_PRO_PROC_COAL,CO2e,1,2047,129.9811
RE1,PHL_PRO_PROC_COAL,CO2e,1,2048,129.1131
RE1,PHL_PRO_PROC_COAL,CO2e,1,2049,128.0754
RE1,PHL_PRO_PROC_COAL,CO2e,1,2050,123.0745
RE1,PHL_PRO_PROC_COAL,CO2e,1,2051,122.9684
RE1,PHL_PRO_PROC_COAL,CO2e,1,2052,121.2248
RE1,PHL_PRO_PROC_COAL,CO2e,1,2053,114.9555
RE1,PHL_TRA_RAILP_LIQ,PM2_5,1,2020,0.0
RE1,PHL_TRA_RAILP_LIQ,PM2_5,1,2021,0.0
RE1,PHL_TRA_RAILP_LIQ,PM2_5,1,2022,0.0
RE1,PHL_TRA_RAILP_LIQ,PM2_5,1,2023,0.0
RE1,PHL_TRA_RAILP_LIQ,PM2_5,1,2024,0.0
RE1,PHL_TRA_RAILP_LIQ,PM2_5,1,2025,0.0
RE1,PHL_TRA_RAILP_LIQ,PM2_5,1,2026,0.0
RE1,PHL_TRA_RAILP_LIQ,PM2_5,1,2027,0.0
RE1,PHL_TRA_RAILP_LIQ,PM2_5,1,2028,0.0
RE1,PHL_TRA_RAILP_LIQ,PM2_5,1,2029,0.0
RE1,PHL_TRA_RAILP_LIQ,PM2_5,1,2030,0.0
RE1,PHL_TRA_RAILP_LIQ,PM2_5,1,2031,0.0
RE1,PHL_TRA_RAILP_LIQ,PM2_5,1,2032,0.0
RE1,PHL_TRA_RAILP_LIQ,PM2_5,1,2033,0.0
RE1,PHL_TRA_RAILP_LIQ,PM2_5,1,2034,0.0
RE1,PHL_TRA_RAILP_LIQ,PM2_5,1,2035,0.0
RE1,PHL_TRA_RAILP_LIQ,PM2_5,1,2036,0.0
RE1,PHL_TRA_RAILP_LIQ,PM2_5,1,2037,0.0
RE1,PHL_TRA_RAILP_LIQ,PM2_5,1,2038,0.0
RE1,PHL_TRA_RAILP_LIQ,PM2_5,1,2039,0.0
RE1,PHL_TRA_RAILP_LIQ,PM2_5,1,2040,0.0
RE1,PHL_TRA_RAILP_LIQ,PM2_5,1,2041,0.0
RE1,PHL_TRA_RAILP_LIQ,PM2_5,1,2042,0.0
RE1,PHL_TRA_RAILP_LIQ,PM2_5,1,2043,0.0
RE1,PHL_TRA_RAILP_LIQ,PM2_5,1,2044,0.0001
RE1,PHL_TRA_RAILP_LIQ,PM2_5,1,2045,0.0001
RE1,PHL_TRA_RAILP_LIQ,PM2_5,1,2046,0.0001
RE1,PHL_TRA_RAILP_LIQ,PM2_5,1,2047,0.0001
RE1,PHL_TRA_RAILP_LIQ,PM2_5,1,2048,0.0001
RE1,PHL_TRA_RAILP_LIQ,PM2_5,1,2049,0.0001
RE1,PHL_TRA_RAILP_LIQ,PM2_5,1,2050,0.0001
RE1,PHL_TRA_RAILP_LIQ,PM2_5,1,2051,0.0001
RE1,PHL_TRA_RAILP_LIQ,PM2_5,1,2052,0.0001
RE1,PHL_TRA_RAILP_LIQ,PM2_5,1,2053,0.0001
RE1,PHL_TRA_CAR_LIQ,PM2_5,1,2020,0.6528
RE1,PHL_TRA_CAR_LIQ,PM2_5,1,2021,0.6844
RE1,PHL_TRA_CAR_LIQ,PM2_5,1,2022,0.716
RE1,PHL_TRA_CAR_LIQ,PM2_5,1,2023,0.7476
RE1,PHL_TRA_CAR_LIQ,PM2_5,1,2024,0.7792
RE1,PHL_TRA_CAR_LIQ,PM2_5,1,2025,0.8108
RE1,PHL_TRA_CAR_LIQ,PM2_5,1,2026,0.8441
RE1,PHL_TRA_CAR_LIQ,PM2_5,1,2027,0.8774
RE1,PHL_TRA_CAR_LIQ,PM2_5,1,2028,0.9107
RE1,PHL_TRA_CAR_LIQ,PM2_5,1,2029,0.944
RE1,PHL_TRA_CAR_LIQ,PM2_5,1,2030,0.9773
RE1,PHL_TRA_CAR_LIQ,PM2_5,1,2031,1.0104
RE1,PHL_TRA_CAR_LIQ,PM2_5,1,2032,1.0435
RE1,PHL_TRA_CAR_LIQ,PM2_5,1,2033,1.0767
RE1,PHL_TRA_CAR_LIQ,PM2_5,1,2034,1.1098
RE1,PHL_TRA_CAR_LIQ,PM2_5,1,2035,1.1429
RE1,PHL_TRA_CAR_LIQ,PM2_5,1,2036,1.175
RE1,PHL_TRA_CAR_LIQ,PM2_5,1,2037,1.2072
RE1,PHL_TRA_CAR_LIQ,PM2_5,1,2038,1.2393
RE1,PHL_TRA_CAR_LIQ,PM2_5,1,2039,1.2714
RE1,PHL_TRA_CAR_LIQ,PM2_5,1,2040,1.3035
RE1,PHL_TRA_CAR_LIQ,PM2_5,1,2041,1.3322
RE1,PHL_TRA_CAR_LIQ,PM2_5,1,2042,1.3609
RE1,PHL_TRA_CAR_LIQ,PM2_5,1,2043,1.3896
RE1,PHL_TRA_CAR_LIQ,PM2_5,1,2044,1.4183
RE1,PHL_TRA_CAR_LIQ,PM2_5,1,2045,1.4469
RE1,PHL_TRA_CAR_LIQ,PM2_5,1,2046,1.4703
RE1,PHL_TRA_CAR_LIQ,PM2_5,1,2047,1.4937
RE1,PHL_TRA_CAR_LIQ,PM2_5,1,2048,1.5171
RE1,PHL_TRA_CAR_LIQ,PM2_5,1,2049,1.5405
RE1,PHL_TRA_CAR_LIQ,PM2_5,1,2050,1.522
RE1,PHL_TRA_CAR_LIQ,PM2_5,1,2051,1.5074
RE1,PHL_TRA_CAR_LIQ,PM2_5,1,2052,1.486
RE1,PHL_TRA_CAR_LIQ,PM2_5,1,2053,1.3748
RE1,PHL_TRA_23WHEEL_LIQ,PM2_5,1,2020,32.2501
RE1,PHL_TRA_23WHEEL_LIQ,PM2_5,1,2021,32.7162
RE1,PHL_TRA_23WHEEL_LIQ,PM2_5,1,2022,33.1825
RE1,PHL_TRA_23WHEEL_LIQ,PM2_5,1,2023,33.6486
RE1,PHL_TRA_23WHEEL_LIQ,PM2_5,1,2024,34.1149
RE1,PHL_TRA_23WHEEL_LIQ,PM2_5,1,2025,34.5811
RE1,PHL_TRA_23WHEEL_LIQ,PM2_5,1,2026,32.807
RE1,PHL_TRA_23WHEEL_LIQ,PM2_5,1,2027,31.0331
RE1,PHL_TRA_23WHEEL_LIQ,PM2_5,1,2028,29.259
RE1,PHL_TRA_23WHEEL_LIQ,PM2_5,1,2029,27.4851
RE1,PHL_TRA_23WHEEL_LIQ,PM2_5,1,2030,25.711
RE1,PHL_TRA_23WHEEL_LIQ,PM2_5,1,2031,23.9029
RE1,PHL_TRA_23WHEEL_LIQ,PM2_5,1,2032,22.0946
RE1,PHL_TRA_23WHEEL_LIQ,PM2_5,1,2033,20.2864
RE1,PHL_TRA_23WHEEL_LIQ,PM2_5,1,2034,18.4781
RE1,PHL_TRA_23WHEEL_LIQ,PM2_5,1,2035,16.67
RE1,PHL_TRA_23WHEEL_LIQ,PM2_5,1,2036,14.8229
RE1,PHL_TRA_23WHEEL_LIQ,PM2_5,1,2037,12.9758
RE1,PHL_TRA_23WHEEL_LIQ,PM2_5,1,2038,11.1286
RE1,PHL_TRA_23WHEEL_LIQ,PM2_5,1,2039,9.2816
RE1,PHL_TRA_23WHEEL_LIQ,PM2_5,1,2040,7.4345
RE1,PHL_TRA_23WHEEL_LIQ,PM2_5,1,2041,7.167
RE1,PHL_TRA_23WHEEL_LIQ,PM2_5,1,2042,6.8995
RE1,PHL_TRA_23WHEEL_LIQ,PM2_5,1,2043,6.6319
RE1,PHL_TRA_23WHEEL_LIQ,PM2_5,1,2044,6.3642
RE1,PHL_TRA_23WHEEL_LIQ,PM2_5,1,2045,6.0968
RE1,PHL_TRA_23WHEEL_LIQ,PM2_5,1,2046,5.8084
RE1,PHL_TRA_23WHEEL_LIQ,PM2_5,1,2047,5.5201
RE1,PHL_TRA_23WHEEL_LIQ,PM2_5,1,2048,5.2316
RE1,PHL_TRA_23WHEEL_LIQ,PM2_5,1,2049,4.9432
RE1,PHL_TRA_23WHEEL_LIQ,PM2_5,1,2050,5.0739
RE1,PHL_TRA_23WHEEL_LIQ,PM2_5,1,2051,5.1159
RE1,PHL_TRA_23WHEEL_LIQ,PM2_5,1,2052,5.225
RE1,PHL_TRA_23WHEEL_LIQ,PM2_5,1,2053,6.2323
RE1,PHL_POW_PP_COAL,PM2_5,1,2020,0.0
RE1,PHL_POW_PP_COAL,PM2_5,1,2021,0.0
RE1,PHL_POW_PP_COAL,PM2_5,1,2022,0.0
RE1,PHL_POW_PP_COAL,PM2_5,1,2023,0.0
RE1,PHL_POW_PP_COAL,PM2_5,1,2024,0.0
RE1,PHL_POW_PP_COAL,PM2_5,1,2025,0.0005
RE1,PHL_POW_PP_COAL,PM2_5,1,2026,0.0005
RE1,PHL_POW_PP_COAL,PM2_5,1,2027,0.0009
RE1,PHL_POW_PP_COAL,PM2_5,1,2028,0.0013
RE1,PHL_POW_PP_COAL,PM2_5,1,2029,0.0016
RE1,PHL_POW_PP_COAL,PM2_5,1,2030,0.0032
RE1,PHL_POW_PP_COAL,PM2_5,1,2031,0.0033
RE1,PHL_POW_PP_COAL,PM2_5,1,2032,0.0033
RE1,PHL_POW_PP_COAL,PM2_5,1,2033,0.0033
RE1,PHL_POW_PP_COAL,PM2_5,1,2034,0.0032
RE1,PHL_POW_PP_COAL,PM2_5,1,2035,0.003
RE1,PHL_POW_PP_COAL,PM2_5,1,2036,0.0028
RE1,PHL_POW_PP_COAL,PM2_5,1,2037,0.0027
RE1,PHL_POW_PP_COAL,PM2_5,1,2038,0.0025
RE1,PHL_POW_PP_COAL,PM2_5,1,2039,0.0024
RE1,PHL_POW_PP_COAL,PM2_5,1,2040,0.0024
RE1,PHL_POW_PP_COAL,PM2_5,1,2041,0.0025
RE1,PHL_POW_PP_COAL,PM2_5,1,2042,0.0025
RE1,PHL_POW_PP_COAL,PM2_5,1,2043,0.0025
RE1,PHL_POW_PP_COAL,PM2_5,1,2044,0.0025
RE1,PHL_POW_PP_COAL,PM2_5,1,2045,0.0025
RE1,PHL_POW_PP_COAL,PM2_5,1,2046,0.0024
RE1,PHL_POW_PP_COAL,PM2_5,1,2047,0.0022
RE1,PHL_POW_PP_COAL,PM2_5,1,2048,0.0021
RE1,PHL_POW_PP_COAL,PM2_5,1,2049,0.002
RE1,PHL_POW_PP_COAL,PM2_5,1,2050,0.0018
RE1,PHL_POW_PP_COAL,PM2_5,1,2051,0.0017
RE1,PHL_POW_PP_COAL,PM2_5,1,2052,0.0016
RE1,PHL_POW_PP_COAL,PM2_5,1,2053,0.0013
RE1,PHL_HOU_COOK_OIL,PM2_5,1,2020,0.0
RE1,PHL_HOU_COOK_OIL,PM2_5,1,2021,0.0
RE1,PHL_HOU_COOK_OIL,PM2_5,1,2022,0.0
RE1,PHL_HOU_COOK_OIL,PM2_5,1,2023,0.0
RE1,PHL_HOU_COOK_OIL,PM2_5,1,2024,0.0
RE1,PHL_HOU_COOK_OIL,PM2_5,1,2025,0.0
RE1,PHL_HOU_COOK_OIL,PM2_5,1,2026,0.0
RE1,PHL_HOU_COOK_OIL,PM2_5,1,2027,0.0
RE1,PHL_HOU_COOK_OIL,PM2_5,1,2028,0.0
RE1,PHL_HOU_COOK_OIL,PM2_5,1,2029,0.0
RE1,PHL_HOU_COOK_OIL,PM2_5,1,2030,0.0
RE1,PHL_HOU_COOK_OIL,PM2_5,1,2031,0.0
RE1,PHL_HOU_COOK_OIL,PM2_5,1,2032,0.0
RE1,PHL_HOU_COOK_OIL,PM2_5,1,2033,0.0
RE1,PHL_HOU_COOK_OIL,PM2_5,1,2034,0.0
RE1,PHL_HOU_COOK_OIL,PM2_5,1,2035,-0.0
RE1,PHL_HOU_COOK_OIL,PM2_5,1,2036,0.0
RE1,PHL_HOU_COOK_OIL,PM2_5,1,2037,0.0
RE1,PHL_HOU_COOK_OIL,PM2_5,1,2038,0.0
RE1,PHL_HOU_COOK_OIL,PM2_5,1,2039,0.0
RE1,PHL_HOU_COOK_OIL,PM2_5,1,2040,0.0
RE1,PHL_HOU_COOK_OIL,PM2_5,1,2041,0.0
RE1,PHL_HOU_COOK_OIL,PM2_5,1,2042,0.0
RE1,PHL_HOU_COOK_OIL,PM2_5,1,2043,0.0
RE1,PHL_HOU_COOK_OIL,PM2_5,1,2044,0.0
RE1,PHL_HOU_COOK_OIL,PM2_5,1,2045,0.0
RE1,PHL_HOU_COOK_OIL,PM2_5,1,2046,0.0
RE1,PHL_HOU_COOK_OIL,PM2_5,1,2047,0.0
RE1,PHL_HOU_COOK_OIL,PM2_5,1,2048,0.0
RE1,PHL_HOU_COOK_OIL,PM2_5,1,2049,0.0
RE1,PHL_HOU_COOK_OIL,PM2_5,1,2050,0.0
RE1,PHL_HOU_COOK_OIL,PM2_5,1,2051,0.0
RE1,PHL_HOU_COOK_OIL,PM2_5,1,2052,0.0
RE1,PHL_HOU_COOK_OIL,PM2_5,1,2053,0.0
RE1,PHL_TRA_VAN_LIQ,PM2_5,1,2020,5.773
RE1,PHL_TRA_VAN_LIQ,PM2_5,1,2021,6.1101
RE1,PHL_TRA_VAN_LIQ,PM2_5,1,2022,6.4472
RE1,PHL_TRA_VAN_LIQ,PM2_5,1,2023,6.7844
RE1,PHL_TRA_VAN_LIQ,PM2_5,1,2024,7.1215
RE1,PHL_TRA_VAN_LIQ,PM2_5,1,2025,7.4586
RE1,PHL_TRA_VAN_LIQ,PM2_5,1,2026,7.874
RE1,PHL_TRA_VAN_LIQ,PM2_5,1,2027,8.2886
RE1,PHL_TRA_VAN_LIQ,PM2_5,1,2028,8.704
RE1,PHL_TRA_VAN_LIQ,PM2_5,1,2029,9.1186
RE1,PHL_TRA_VAN_LIQ,PM2_5,1,2030,9.5333
RE1,PHL_TRA_VAN_LIQ,PM2_5,1,2031,10.0308
RE1,PHL_TRA_VAN_LIQ,PM2_5,1,2032,10.5276
RE1,PHL_TRA_VAN_LIQ,PM2_5,1,2033,11.0252
RE1,PHL_TRA_VAN_LIQ,PM2_5,1,2034,11.5227
RE1,PHL_TRA_VAN_LIQ,PM2_5,1,2035,12.0195
RE1,PHL_TRA_VAN_LIQ,PM2_5,1,2036,12.6271
RE1,PHL_TRA_VAN_LIQ,PM2_5,1,2037,13.2339
RE1,PHL_TRA_VAN_LIQ,PM2_5,1,2038,13.8415
RE1,PHL_TRA_VAN_LIQ,PM2_5,1,2039,14.4483
RE1,PHL_TRA_VAN_LIQ,PM2_5,1,2040,15.0559
RE1,PHL_TRA_VAN_LIQ,PM2_5,1,2041,15.7627
RE1,PHL_TRA_VAN_LIQ,PM2_5,1,2042,16.4695
RE1,PHL_TRA_VAN_LIQ,PM2_5,1,2043,17.1763
RE1,PHL_TRA_VAN_LIQ,PM2_5,1,2044,17.8839
RE1,PHL_TRA_VAN_LIQ,PM2_5,1,2045,18.5907
RE1,PHL_TRA_VAN_LIQ,PM2_5,1,2046,19.3603
RE1,PHL_TRA_VAN_LIQ,PM2_5,1,2047,20.1298
RE1,PHL_TRA_VAN_LIQ,PM2_5,1,2048,20.9002
RE1,PHL_TRA_VAN_LIQ,PM2_5,1,2049,21.6698
RE1,PHL_TRA_VAN_LIQ,PM2_5,1,2050,22.4394
RE1,PHL_TRA_VAN_LIQ,PM2_5,1,2051,23.2174
RE1,PHL_TRA_VAN_LIQ,PM2_5,1,2052,23.9948
RE1,PHL_TRA_VAN_LIQ,PM2_5,1,2053,24.7721
RE1,PHL_POW_PP_NGCC,PM2_5,1,2020,0.0
RE1,PHL_POW_PP_NGCC,PM2_5,1,2021,0.0
RE1,PHL_POW_PP_NGCC,PM2_5,1,2022,0.0
RE1,PHL_POW_PP_NGCC,PM2_5,1,2023,0.0
RE1,PHL_POW_PP_NGCC,PM2_5,1,2024,0.0
RE1,PHL_POW_PP_NGCC,PM2_5,1,2025,0.0
RE1,PHL_POW_PP_NGCC,PM2_5,1,2026,0.0
RE1,PHL_POW_PP_NGCC,PM2_5,1,2027,0.0
RE1,PHL_POW_PP_NGCC,PM2_5,1,2028,0.0
RE1,PHL_POW_PP_NGCC,PM2_5,1,2029,0.0
RE1,PHL_POW_PP_NGCC,PM2_5,1,2030,0.0
RE1,PHL_POW_PP_NGCC,PM2_5,1,2031,0.0
RE1,PHL_POW_PP_NGCC,PM2_5,1,2032,0.0
RE1,PHL_POW_PP_NGCC,PM2_5,1,2033,0.0
RE1,PHL_POW_PP_NGCC,PM2_5,1,2034,0.0
RE1,PHL_POW_PP_NGCC,PM2_5,1,2035,0.0
RE1,PHL_POW_PP_NGCC,PM2_5,1,2036,0.0
RE1,PHL_POW_PP_NGCC,PM2_5,1,2037,0.0
RE1,PHL_POW_PP_NGCC,PM2_5,1,2038,0.0
RE1,PHL_POW_PP_NGCC,PM2_5,1,2039,0.0
RE1,PHL_POW_PP_NGCC,PM2_5,1,2040,0.0
RE1,PHL_POW_PP_NGCC,PM2_5,1,2041,0.0001
RE1,PHL_POW_PP_NGCC,PM2_5,1,2042,0.0001
RE1,PHL_POW_PP_NGCC,PM2_5,1,2043,0.0001
RE1,PHL_POW_PP_NGCC,PM2_5,1,2044,0.0001
RE1,PHL_POW_PP_NGCC,PM2_5,1,2045,0.0001
RE1,PHL_POW_PP_NGCC,PM2_5,1,2046,0.0001
RE1,PHL_POW_PP_NGCC,PM2_5,1,2047,0.0001
RE1,PHL_POW_PP_NGCC,PM2_5,1,2048,0.0001
RE1,PHL_POW_PP_NGCC,PM2_5,1,2049,0.0001
RE1,PHL_POW_PP_NGCC,PM2_5,1,2050,0.0001
RE1,PHL_POW_PP_NGCC,PM2_5,1,2051,0.0001
RE1,PHL_POW_PP_NGCC,PM2_5,1,2052,0.0001
RE1,PHL_POW_PP_NGCC,PM2_5,1,2053,0.0001
RE1,PHL_POW_CHP_NG_OLD,PM2_5,1,2020,0.0001
RE1,PHL_POW_CHP_NG_OLD,PM2_5,1,2021,0.0001
RE1,PHL_POW_CHP_NG_OLD,PM2_5,1,2022,0.0001
RE1,PHL_POW_CHP_NG_OLD,PM2_5,1,2023,0.0001
RE1,PHL_POW_CHP_NG_OLD,PM2_5,1,2024,0.0001
RE1,PHL_POW_CHP_NG_OLD,PM2_5,1,2025,0.0
RE1,PHL_POW_CHP_NG_OLD,PM2_5,1,2026,0.0
RE1,PHL_POW_CHP_NG_OLD,PM2_5,1,2027,0.0
RE1,PHL_POW_CHP_NG_OLD,PM2_5,1,2028,0.0
RE1,PHL_POW_CHP_NG_OLD,PM2_5,1,2029,0.0
RE1,PHL_POW_CHP_NG_OLD,PM2_5,1,2030,0.0
RE1,PHL_POW_CHP_NG_OLD,PM2_5,1,2031,0.0
RE1,PHL_POW_CHP_NG_OLD,PM2_5,1,2032,0.0
RE1,PHL_POW_CHP_NG_OLD,PM2_5,1,2033,0.0
RE1,PHL_POW_CHP_NG_OLD,PM2_5,1,2034,0.0
RE1,PHL_POW_CHP_NG_OLD,PM2_5,1,2035,0.0
RE1,PHL_POW_CHP_NG_OLD,PM2_5,1,2036,0.0
RE1,PHL_POW_CHP_NG_OLD,PM2_5,1,2037,0.0
RE1,PHL_POW_CHP_NG_OLD,PM2_5,1,2038,0.0
RE1,PHL_POW_CHP_NG_OLD,PM2_5,1,2039,0.0
RE1,PHL_POW_CHP_NG_OLD,PM2_5,1,2040,0.0
RE1,PHL_POW_CHP_NG_OLD,PM2_5,1,2041,0.0
RE1,PHL_POW_CHP_NG_OLD,PM2_5,1,2042,0.0
RE1,PHL_POW_CHP_NG_OLD,PM2_5,1,2043,0.0
RE1,PHL_POW_CHP_NG_OLD,PM2_5,1,2044,0.0
RE1,PHL_POW_CHP_NG_OLD,PM2_5,1,2045,0.0
RE1,PHL_POW_CHP_NG_OLD,PM2_5,1,2046,0.0
RE1,PHL_POW_CHP_NG_OLD,PM2_5,1,2047,0.0
RE1,PHL_POW_CHP_NG_OLD,PM2_5,1,2048,-0.0
RE1,PHL_POW_CHP_NG_OLD,PM2_5,1,2049,0.0
RE1,PHL_POW_CHP_NG_OLD,PM2_5,1,2050,0.0
RE1,PHL_POW_CHP_NG_OLD,PM2_5,1,2051,0.0
RE1,PHL_POW_CHP_NG_OLD,PM2_5,1,2052,0.0
RE1,PHL_POW_CHP_NG_OLD,PM2_5,1,2053,0.0
RE1,PHL_POW_CHP_COAL_OLD,PM2_5,1,2020,0.0023
RE1,PHL_POW_CHP_COAL_OLD,PM2_5,1,2021,0.0025
RE1,PHL_POW_CHP_COAL_OLD,PM2_5,1,2022,0.0026
RE1,PHL_POW_CHP_COAL_OLD,PM2_5,1,2023,0.0029
RE1,PHL_POW_CHP_COAL_OLD,PM2_5,1,2024,0.0031
RE1,PHL_POW_CHP_COAL_OLD,PM2_5,1,2025,0.0029
RE1,PHL_POW_CHP_COAL_OLD,PM2_5,1,2026,0.0027
RE1,PHL_POW_CHP_COAL_OLD,PM2_5,1,2027,0.0026
RE1,PHL_POW_CHP_COAL_OLD,PM2_5,1,2028,0.0024
RE1,PHL_POW_CHP_COAL_OLD,PM2_5,1,2029,0.0022
RE1,PHL_POW_CHP_COAL_OLD,PM2_5,1,2030,0.0004
RE1,PHL_POW_CHP_COAL_OLD,PM2_5,1,2031,0.0006
RE1,PHL_POW_CHP_COAL_OLD,PM2_5,1,2032,0.0009
RE1,PHL_POW_CHP_COAL_OLD,PM2_5,1,2033,0.0013
RE1,PHL_POW_CHP_COAL_OLD,PM2_5,1,2034,0.0012
RE1,PHL_POW_CHP_COAL_OLD,PM2_5,1,2035,0.001
RE1,PHL_POW_CHP_COAL_OLD,PM2_5,1,2036,0.0008
RE1,PHL_POW_CHP_COAL_OLD,PM2_5,1,2037,0.0006
RE1,PHL_POW_CHP_COAL_OLD,PM2_5,1,2038,0.0004
RE1,PHL_POW_CHP_COAL_OLD,PM2_5,1,2039,0.0002
RE1,PHL_POW_CHP_COAL_OLD,PM2_5,1,2040,0.0
RE1,PHL_POW_CHP_COAL_OLD,PM2_5,1,2041,0.0
RE1,PHL_POW_CHP_COAL_OLD,PM2_5,1,2042,0.0
RE1,PHL_POW_CHP_COAL_OLD,PM2_5,1,2043,0.0
RE1,PHL_POW_CHP_COAL_OLD,PM2_5,1,2044,0.0
RE1,PHL_POW_CHP_COAL_OLD,PM2_5,1,2045,0.0
RE1,PHL_POW_CHP_COAL_OLD,PM2_5,1,2046,0.0
RE1,PHL_POW_CHP_COAL_OLD,PM2_5,1,2047,0.0
RE1,PHL_POW_CHP_COAL_OLD,PM2_5,1,2048,0.0
RE1,PHL_POW_CHP_COAL_OLD,PM2_5,1,2049,0.0
RE1,PHL_POW_CHP_COAL_OLD,PM2_5,1,2050,0.0
RE1,PHL_POW_CHP_COAL_OLD,PM2_5,1,2051,0.0
RE1,PHL_POW_CHP_COAL_OLD,PM2_5,1,2052,0.0
RE1,PHL_POW_CHP_COAL_OLD,PM2_5,1,2053,0.0
RE1,PHL_TRA_TRUL_LIQ,PM2_5,1,2020,17.3189
RE1,PHL_TRA_TRUL_LIQ,PM2_5,1,2021,18.3303
RE1,PHL_TRA_TRUL_LIQ,PM2_5,1,2022,19.3424
RE1,PHL_TRA_TRUL_LIQ,PM2_5,1,2023,20.3538
RE1,PHL_TRA_TRUL_LIQ,PM2_5,1,2024,21.3652
RE1,PHL_TRA_TRUL_LIQ,PM2_5,1,2025,22.3766
RE1,PHL_TRA_TRUL_LIQ,PM2_5,1,2026,23.6212
RE1,PHL_TRA_TRUL_LIQ,PM2_5,1,2027,24.8659
RE1,PHL_TRA_TRUL_LIQ,PM2_5,1,2028,26.1113
RE1,PHL_TRA_TRUL_LIQ,PM2_5,1,2029,27.356
RE1,PHL_TRA_TRUL_LIQ,PM2_5,1,2030,28.6006
RE1,PHL_TRA_TRUL_LIQ,PM2_5,1,2031,30.0917
RE1,PHL_TRA_TRUL_LIQ,PM2_5,1,2032,31.5836
RE1,PHL_TRA_TRUL_LIQ,PM2_5,1,2033,33.0754
RE1,PHL_TRA_TRUL_LIQ,PM2_5,1,2034,34.5673
RE1,PHL_TRA_TRUL_LIQ,PM2_5,1,2035,36.0584
RE1,PHL_TRA_TRUL_LIQ,PM2_5,1,2036,37.8805
RE1,PHL_TRA_TRUL_LIQ,PM2_5,1,2037,39.7017
RE1,PHL_TRA_TRUL_LIQ,PM2_5,1,2038,41.5237
RE1,PHL_TRA_TRUL_LIQ,PM2_5,1,2039,43.345
RE1,PHL_TRA_TRUL_LIQ,PM2_5,1,2040,45.167
RE1,PHL_TRA_TRUL_LIQ,PM2_5,1,2041,47.2882
RE1,PHL_TRA_TRUL_LIQ,PM2_5,1,2042,49.4086
RE1,PHL_TRA_TRUL_LIQ,PM2_5,1,2043,51.5298
RE1,PHL_TRA_TRUL_LIQ,PM2_5,1,2044,53.6509
RE1,PHL_TRA_TRUL_LIQ,PM2_5,1,2045,55.7721
RE1,PHL_TRA_TRUL_LIQ,PM2_5,1,2046,58.0808
RE1,PHL_TRA_TRUL_LIQ,PM2_5,1,2047,60.3903
RE1,PHL_TRA_TRUL_LIQ,PM2_5,1,2048,62.6998
RE1,PHL_TRA_TRUL_LIQ,PM2_5,1,2049,65.0093
RE1,PHL_TRA_TRUL_LIQ,PM2_5,1,2050,67.318
RE1,PHL_TRA_TRUL_LIQ,PM2_5,1,2051,69.6516
RE1,PHL_TRA_TRUL_LIQ,PM2_5,1,2052,71.9843
RE1,PHL_TRA_TRUL_LIQ,PM2_5,1,2053,74.3171
RE1,PHL_HOU_COOK_BIOM,PM2_5,1,2020,0.0026
RE1,PHL_HOU_COOK_BIOM,PM2_5,1,2021,0.0
RE1,PHL_HOU_COOK_BIOM,PM2_5,1,2022,0.0
RE1,PHL_HOU_COOK_BIOM,PM2_5,1,2023,0.0
RE1,PHL_HOU_COOK_BIOM,PM2_5,1,2024,0.0
RE1,PHL_HOU_COOK_BIOM,PM2_5,1,2025,0.0
RE1,PHL_HOU_COOK_BIOM,PM2_5,1,2026,0.0
RE1,PHL_HOU_COOK_BIOM,PM2_5,1,2027,0.0
RE1,PHL_HOU_COOK_BIOM,PM2_5,1,2028,0.0
RE1,PHL_HOU_COOK_BIOM,PM2_5,1,2029,0.0
RE1,PHL_HOU_COOK_BIOM,PM2_5,1,2030,0.0
RE1,PHL_HOU_COOK_BIOM,PM2_5,1,2031,0.0
RE1,PHL_HOU_COOK_BIOM,PM2_5,1,2032,0.0
RE1,PHL_HOU_COOK_BIOM,PM2_5,1,2033,0.0
RE1,PHL_HOU_COOK_BIOM,PM2_5,1,2034,0.0
RE1,PHL_HOU_COOK_BIOM,PM2_5,1,2035,0.0
RE1,PHL_HOU_COOK_BIOM,PM2_5,1,2036,0.0
RE1,PHL_HOU_COOK_BIOM,PM2_5,1,2037,0.0
RE1,PHL_HOU_COOK_BIOM,PM2_5,1,2038,0.0
RE1,PHL_HOU_COOK_BIOM,PM2_5,1,2039,0.0
RE1,PHL_HOU_COOK_BIOM,PM2_5,1,2040,0.0
RE1,PHL_HOU_COOK_BIOM,PM2_5,1,2041,0.0
RE1,PHL_HOU_COOK_BIOM,PM2_5,1,2042,0.0
RE1,PHL_HOU_COOK_BIOM,PM2_5,1,2043,0.0
RE1,PHL_HOU_COOK_BIOM,PM2_5,1,2044,0.0
RE1,PHL_HOU_COOK_BIOM,PM2_5,1,2045,0.0
RE1,PHL_HOU_COOK_BIOM,PM2_5,1,2046,0.0
RE1,PHL_HOU_COOK_BIOM,PM2_5,1,2047,0.0
RE1,PHL_HOU_COOK_BIOM,PM2_5,1,2048,0.0
RE1,PHL_HOU_COOK_BIOM,PM2_5,1,2049,0.0
RE1,PHL_HOU_COOK_BIOM,PM2_5,1,2050,0.0
RE1,PHL_HOU_COOK_BIOM,PM2_5,1,2051,-0.0
RE1,PHL_HOU_COOK_BIOM,PM2_5,1,2052,0.0
RE1,PHL_HOU_COOK_BIOM,PM2_5,1,2053,0.0
RE1,PHL_TRA_RAILF_LIQ,PM2_5,1,2020,0.0
RE1,PHL_TRA_RAILF_LIQ,PM2_5,1,2021,0.0
RE1,PHL_TRA_RAILF_LIQ,PM2_5,1,2022,0.0
RE1,PHL_TRA_RAILF_LIQ,PM2_5,1,2023,0.0
RE1,PHL_TRA_RAILF_LIQ,PM2_5,1,2024,0.0
RE1,PHL_TRA_RAILF_LIQ,PM2_5,1,2025,0.0
RE1,PHL_TRA_RAILF_LIQ,PM2_5,1,2026,0.0
RE1,PHL_TRA_RAILF_LIQ,PM2_5,1,2027,0.0
RE1,PHL_TRA_RAILF_LIQ,PM2_5,1,2028,0.0
RE1,PHL_TRA_RAILF_LIQ,PM2_5,1,2029,0.0
RE1,PHL_TRA_RAILF_LIQ,PM2_5,1,2030,0.0
RE1,PHL_TRA_RAILF_LIQ,PM2_5,1,2031,0.0
RE1,PHL_TRA_RAILF_LIQ,PM2_5,1,2032,0.0
RE1,PHL_TRA_RAILF_LIQ,PM2_5,1,2033,0.0
RE1,PHL_TRA_RAILF_LIQ,PM2_5,1,2034,0.0
RE1,PHL_TRA_RAILF_LIQ,PM2_5,1,2035,0.0
RE1,PHL_TRA_RAILF_LIQ,PM2_5,1,2036,0.0
RE1,PHL_TRA_RAILF_LIQ,PM2_5,1,2037,0.0
RE1,PHL_TRA_RAILF_LIQ,PM2_5,1,2038,0.0
RE1,PHL_TRA_RAILF_LIQ,PM2_5,1,2039,0.0
RE1,PHL_TRA_RAILF_LIQ,PM2_5,1,2040,0.0
RE1,PHL_TRA_RAILF_LIQ,PM2_5,1,2041,0.0
RE1,PHL_TRA_RAILF_LIQ,PM2_5,1,2042,0.0001
RE1,PHL_TRA_RAILF_LIQ,PM2_5,1,2043,0.0001
RE1,PHL_TRA_RAILF_LIQ,PM2_5,1,2044,0.0001
RE1,PHL_TRA_RAILF_LIQ,PM2_5,1,2045,0.0001
RE1,PHL_TRA_RAILF_LIQ,PM2_5,1,2046,0.0001
RE1,PHL_TRA_RAILF_LIQ,PM2_5,1,2047,0.0001
RE1,PHL_TRA_RAILF_LIQ,PM2_5,1,2048,0.0001
RE1,PHL_TRA_RAILF_LIQ,PM2_5,1,2049,0.0001
RE1,PHL_TRA_RAILF_LIQ,PM2_5,1,2050,0.0001
RE1,PHL_TRA_RAILF_LIQ,PM2_5,1,2051,0.0001
RE1,PHL_TRA_RAILF_LIQ,PM2_5,1,2052,0.0001
RE1,PHL_TRA_RAILF_LIQ,PM2_5,1,2053,0.0001
RE1,PHL_POW_CHP_OIL_OLD,PM2_5,1,2020,0.0005
RE1,PHL_POW_CHP_OIL_OLD,PM2_5,1,2021,0.0003
RE1,PHL_POW_CHP_OIL_OLD,PM2_5,1,2022,0.0005
RE1,PHL_POW_CHP_OIL_OLD,PM2_5,1,2023,0.0002
RE1,PHL_POW_CHP_OIL_OLD,PM2_5,1,2024,0.0003
RE1,PHL_POW_CHP_OIL_OLD,PM2_5,1,2025,0.0
RE1,PHL_POW_CHP_OIL_OLD,PM2_5,1,2026,0.0
RE1,PHL_POW_CHP_OIL_OLD,PM2_5,1,2027,0.0
RE1,PHL_POW_CHP_OIL_OLD,PM2_5,1,2028,0.0
RE1,PHL_POW_CHP_OIL_OLD,PM2_5,1,2029,0.0
RE1,PHL_POW_CHP_OIL_OLD,PM2_5,1,2030,0.0
RE1,PHL_POW_CHP_OIL_OLD,PM2_5,1,2031,0.0
RE1,PHL_POW_CHP_OIL_OLD,PM2_5,1,2032,0.0
RE1,PHL_POW_CHP_OIL_OLD,PM2_5,1,2033,0.0
RE1,PHL_POW_CHP_OIL_OLD,PM2_5,1,2034,0.0
RE1,PHL_POW_CHP_OIL_OLD,PM2_5,1,2035,0.0
RE1,PHL_POW_CHP_OIL_OLD,PM2_5,1,2036,0.0
RE1,PHL_POW_CHP_OIL_OLD,PM2_5,1,2037,0.0
RE1,PHL_POW_CHP_OIL_OLD,PM2_5,1,2038,0.0
RE1,PHL_POW_CHP_OIL_OLD,PM2_5,1,2039,0.0
RE1,PHL_POW_CHP_OIL_OLD,PM2_5,1,2040,0.0
RE1,PHL_POW_CHP_OIL_OLD,PM2_5,1,2041,0.0
RE1,PHL_POW_CHP_OIL_OLD,PM2_5,1,2042,0.0
RE1,PHL_POW_CHP_OIL_OLD,PM2_5,1,2043,0.0
RE1,PHL_POW_CHP_OIL_OLD,PM2_5,1,2044,0.0
RE1,PHL_POW_CHP_OIL_OLD,PM2_5,1,2045,0.0
RE1,PHL_POW_CHP_OIL_OLD,PM2_5,1,2046,0.0
RE1,PHL_POW_CHP_OIL_OLD,PM2_5,1,2047,0.0
RE1,PHL_POW_CHP_OIL_OLD,PM2_5,1,2048,0.0
RE1,PHL_POW_CHP_OIL_OLD,PM2_5,1,2049,0.0
RE1,PHL_POW_CHP_OIL_OLD,PM2_5,1,2050,0.0
RE1,PHL_POW_CHP_OIL_OLD,PM2_5,1,2051,0.0
RE1,PHL_POW_CHP_OIL_OLD,PM2_5,1,2052,0.0
RE1,PHL_POW_CHP_OIL_OLD,PM2_5,1,2053,0.0
RE1,PHL_POW_CHP_BIOM_OLD,PM2_5,1,2020,0.0004
RE1,PHL_POW_CHP_BIOM_OLD,PM2_5,1,2021,0.0005
RE1,PHL_POW_CHP_BIOM_OLD,PM2_5,1,2022,0.0005
RE1,PHL_POW_CHP_BIOM_OLD,PM2_5,1,2023,0.0005
RE1,PHL_POW_CHP_BIOM_OLD,PM2_5,1,2024,0.0005
RE1,PHL_POW_CHP_BIOM_OLD,PM2_5,1,2025,0.0
RE1,PHL_POW_CHP_BIOM_OLD,PM2_5,1,2026,0.0
RE1,PHL_POW_CHP_BIOM_OLD,PM2_5,1,2027,0.0
RE1,PHL_POW_CHP_BIOM_OLD,PM2_5,1,2028,0.0
RE1,PHL_POW_CHP_BIOM_OLD,PM2_5,1,2029,0.0
RE1,PHL_POW_CHP_BIOM_OLD,PM2_5,1,2030,0.0
RE1,PHL_POW_CHP_BIOM_OLD,PM2_5,1,2031,0.0
RE1,PHL_POW_CHP_BIOM_OLD,PM2_5,1,2032,0.0
RE1,PHL_POW_CHP_BIOM_OLD,PM2_5,1,2033,0.0
RE1,PHL_POW_CHP_BIOM_OLD,PM2_5,1,2034,0.0
RE1,PHL_POW_CHP_BIOM_OLD,PM2_5,1,2035,0.0
RE1,PHL_POW_CHP_BIOM_OLD,PM2_5,1,2036,0.0
RE1,PHL_POW_CHP_BIOM_OLD,PM2_5,1,2037,0.0
RE1,PHL_POW_CHP_BIOM_OLD,PM2_5,1,2038,0.0
RE1,PHL_POW_CHP_BIOM_OLD,PM2_5,1,2039,0.0
RE1,PHL_POW_CHP_BIOM_OLD,PM2_5,1,2040,0.0
RE1,PHL_POW_CHP_BIOM_OLD,PM2_5,1,2041,0.0
RE1,PHL_POW_CHP_BIOM_OLD,PM2_5,1,2042,0.0
RE1,PHL_POW_CHP_BIOM_OLD,PM2_5,1,2043,0.0
RE1,PHL_POW_CHP_BIOM_OLD,PM2_5,1,2044,0.0
RE1,PHL_POW_CHP_BIOM_OLD,PM2_5,1,2045,0.0
RE1,PHL_POW_CHP_BIOM_OLD,PM2_5,1,2046,0.0
RE1,PHL_POW_CHP_BIOM_OLD,PM2_5,1,2047,0.0
RE1,PHL_POW_CHP_BIOM_OLD,PM2_5,1,2048,0.0
RE1,PHL_POW_CHP_BIOM_OLD,PM2_5,1,2049,0.0
RE1,PHL_POW_CHP_BIOM_OLD,PM2_5,1,2050,0.0
RE1,PHL_POW_CHP_BIOM_OLD,PM2_5,1,2051,-0.0
RE1,PHL_POW_CHP_BIOM_OLD,PM2_5,1,2052,0.0
RE1,PHL_POW_CHP_BIOM_OLD,PM2_5,1,2053,-0.0
RE1,PHL_TRA_TRUH_LIQ,PM2_5,1,2020,5.8784
RE1,PHL_TRA_TRUH_LIQ,PM2_5,1,2021,6.2217
RE1,PHL_TRA_TRUH_LIQ,PM2_5,1,2022,6.565
RE1,PHL_TRA_TRUH_LIQ,PM2_5,1,2023,6.9084
RE1,PHL_TRA_TRUH_LIQ,PM2_5,1,2024,7.2517
RE1,PHL_TRA_TRUH_LIQ,PM2_5,1,2025,7.595
RE1,PHL_TRA_TRUH_LIQ,PM2_5,1,2026,8.0182
RE1,PHL_TRA_TRUH_LIQ,PM2_5,1,2027,8.4405
RE1,PHL_TRA_TRUH_LIQ,PM2_5,1,2028,8.8629
RE1,PHL_TRA_TRUH_LIQ,PM2_5,1,2029,9.2853
RE1,PHL_TRA_TRUH_LIQ,PM2_5,1,2030,9.7076
RE1,PHL_TRA_TRUH_LIQ,PM2_5,1,2031,10.2145
RE1,PHL_TRA_TRUH_LIQ,PM2_5,1,2032,10.7206
RE1,PHL_TRA_TRUH_LIQ,PM2_5,1,2033,11.2266
RE1,PHL_TRA_TRUH_LIQ,PM2_5,1,2034,11.7327
RE1,PHL_TRA_TRUH_LIQ,PM2_5,1,2035,12.2396
RE1,PHL_TRA_TRUH_LIQ,PM2_5,1,2036,12.858
RE1,PHL_TRA_TRUH_LIQ,PM2_5,1,2037,13.4757
RE1,PHL_TRA_TRUH_LIQ,PM2_5,1,2038,14.0942
RE1,PHL_TRA_TRUH_LIQ,PM2_5,1,2039,14.7126
RE1,PHL_TRA_TRUH_LIQ,PM2_5,1,2040,15.331
RE1,PHL_TRA_TRUH_LIQ,PM2_5,1,2041,16.051
RE1,PHL_TRA_TRUH_LIQ,PM2_5,1,2042,16.771
RE1,PHL_TRA_TRUH_LIQ,PM2_5,1,2043,17.491
RE1,PHL_TRA_TRUH_LIQ,PM2_5,1,2044,18.211
RE1,PHL_TRA_TRUH_LIQ,PM2_5,1,2045,18.9309
RE1,PHL_TRA_TRUH_LIQ,PM2_5,1,2046,19.7144
RE1,PHL_TRA_TRUH_LIQ,PM2_5,1,2047,20.498
RE1,PHL_TRA_TRUH_LIQ,PM2_5,1,2048,21.2823
RE1,PHL_TRA_TRUH_LIQ,PM2_5,1,2049,22.0658
RE1,PHL_TRA_TRUH_LIQ,PM2_5,1,2050,22.8501
RE1,PHL_TRA_TRUH_LIQ,PM2_5,1,2051,23.6414
RE1,PHL_TRA_TRUH_LIQ,PM2_5,1,2052,24.4334
RE1,PHL_TRA_TRUH_LIQ,PM2_5,1,2053,25.2255
RE1,PHL_TRA_BUS_LIQ,PM2_5,1,2020,2.9574
RE1,PHL_TRA_BUS_LIQ,PM2_5,1,2021,3.0
RE1,PHL_TRA_BUS_LIQ,PM2_5,1,2022,3.0426
RE1,PHL_TRA_BUS_LIQ,PM2_5,1,2023,3.0853
RE1,PHL_TRA_BUS_LIQ,PM2_5,1,2024,3.1279
RE1,PHL_TRA_BUS_LIQ,PM2_5,1,2025,3.1713
RE1,PHL_TRA_BUS_LIQ,PM2_5,1,2026,3.2116
RE1,PHL_TRA_BUS_LIQ,PM2_5,1,2027,3.2519
RE1,PHL_TRA_BUS_LIQ,PM2_5,1,2028,3.293
RE1,PHL_TRA_BUS_LIQ,PM2_5,1,2029,3.3333
RE1,PHL_TRA_BUS_LIQ,PM2_5,1,2030,3.3744
RE1,PHL_TRA_BUS_LIQ,PM2_5,1,2031,3.4116
RE1,PHL_TRA_BUS_LIQ,PM2_5,1,2032,3.4495
RE1,PHL_TRA_BUS_LIQ,PM2_5,1,2033,3.4867
RE1,PHL_TRA_BUS_LIQ,PM2_5,1,2034,3.5239
RE1,PHL_TRA_BUS_LIQ,PM2_5,1,2035,3.5619
RE1,PHL_TRA_BUS_LIQ,PM2_5,1,2036,3.5952
RE1,PHL_TRA_BUS_LIQ,PM2_5,1,2037,3.6293
RE1,PHL_TRA_BUS_LIQ,PM2_5,1,2038,3.6634
RE1,PHL_TRA_BUS_LIQ,PM2_5,1,2039,3.6975
RE1,PHL_TRA_BUS_LIQ,PM2_5,1,2040,3.7316
RE1,PHL_TRA_BUS_LIQ,PM2_5,1,2041,3.7618
RE1,PHL_TRA_BUS_LIQ,PM2_5,1,2042,3.7913
RE1,PHL_TRA_BUS_LIQ,PM2_5,1,2043,3.8215
RE1,PHL_TRA_BUS_LIQ,PM2_5,1,2044,3.8518
RE1,PHL_TRA_BUS_LIQ,PM2_5,1,2045,3.882
RE1,PHL_TRA_BUS_LIQ,PM2_5,1,2046,3.9083
RE1,PHL_TRA_BUS_LIQ,PM2_5,1,2047,3.9339
RE1,PHL_TRA_BUS_LIQ,PM2_5,1,2048,3.9602
RE1,PHL_TRA_BUS_LIQ,PM2_5,1,2049,3.9866
RE1,PHL_TRA_BUS_LIQ,PM2_5,1,2050,4.0122
RE1,PHL_TRA_BUS_LIQ,PM2_5,1,2051,4.0354
RE1,PHL_TRA_BUS_LIQ,PM2_5,1,2052,4.0579
RE1,PHL_TRA_BUS_LIQ,PM2_5,1,2053,4.0804
RE1,PHL_HOU_COOK_COAL,PM2_5,1,2020,0.0
RE1,PHL_HOU_COOK_COAL,PM2_5,1,2021,0.0284
RE1,PHL_HOU_COOK_COAL,PM2_5,1,2022,0.0288
RE1,PHL_HOU_COOK_COAL,PM2_5,1,2023,0.0292
RE1,PHL_HOU_COOK_COAL,PM2_5,1,2024,0.0297
RE1,PHL_HOU_COOK_COAL,PM2_5,1,2025,0.0305
RE1,PHL_HOU_COOK_COAL,PM2_5,1,2026,0.0319
RE1,PHL_HOU_COOK_COAL,PM2_5,1,2027,0.0323
RE1,PHL_HOU_COOK_COAL,PM2_5,1,2028,0.0327
RE1,PHL_HOU_COOK_COAL,PM2_5,1,2029,0.0329
RE1,PHL_HOU_COOK_COAL,PM2_5,1,2030,0.0329
RE1,PHL_HOU_COOK_COAL,PM2_5,1,2031,0.0329
RE1,PHL_HOU_COOK_COAL,PM2_5,1,2032,0.0332
RE1,PHL_HOU_COOK_COAL,PM2_5,1,2033,0.0336
RE1,PHL_HOU_COOK_COAL,PM2_5,1,2034,0.0347
RE1,PHL_HOU_COOK_COAL,PM2_5,1,2035,0.0354
RE1,PHL_HOU_COOK_COAL,PM2_5,1,2036,0.0357
RE1,PHL_HOU_COOK_COAL,PM2_5,1,2037,0.0361
RE1,PHL_HOU_COOK_COAL,PM2_5,1,2038,0.0364
RE1,PHL_HOU_COOK_COAL,PM2_5,1,2039,0.0367
RE1,PHL_HOU_COOK_COAL,PM2_5,1,2040,0.0371
RE1,PHL_HOU_COOK_COAL,PM2_5,1,2041,0.0374
RE1,PHL_HOU_COOK_COAL,PM2_5,1,2042,0.0377
RE1,PHL_HOU_COOK_COAL,PM2_5,1,2043,0.038
RE1,PHL_HOU_COOK_COAL,PM2_5,1,2044,0.0383
RE1,PHL_HOU_COOK_COAL,PM2_5,1,2045,0.0386
RE1,PHL_HOU_COOK_COAL,PM2_5,1,2046,0.0388
RE1,PHL_HOU_COOK_COAL,PM2_5,1,2047,0.0391
RE1,PHL_HOU_COOK_COAL,PM2_5,1,2048,0.0394
RE1,PHL_HOU_COOK_COAL,PM2_5,1,2049,0.0396
RE1,PHL_HOU_COOK_COAL,PM2_5,1,2050,0.0399
RE1,PHL_HOU_COOK_COAL,PM2_5,1,2051,0.0401
RE1,PHL_HOU_COOK_COAL,PM2_5,1,2052,0.0403
RE1,PHL_HOU_COOK_COAL,PM2_5,1,2053,0.0405
